t,balanced_sigma,growth_rate,M_norm,parent_M_norm
0,0.12,0.0003,0.14267174424302712,1.836873417711883
1,0.12,0.0003,0.11224826904561684,1.836873417711883
2,0.12,0.0003,0.13263495351137258,1.836873417711883
3,0.12,0.0003,0.22258534946212807,1.836873417711883
4,0.12,0.0003,0.21406733284364057,1.836873417711883
5,0.12,0.0003,0.18641065819784441,1.836873417711883
6,0.12,0.0003,0.20677763078068792,1.836873417711883
7,0.12,0.0003,0.20033396962681496,1.836873417711883
8,0.12,0.0003,0.12449499850239697,1.836873417711883
9,0.12,0.0003,0.17441515551995473,1.836873417711883
10,0.12,0.0003,0.16498189390633158,1.836873417711883
11,0.12,0.0003,0.1898291403307926,1.836873417711883
12,0.12,0.0003,0.19155522463105704,1.836873417711883
13,0.12,0.0003,0.21675825790346007,1.836873417711883
14,0.12,0.0003,0.21771484894786877,1.836873417711883
15,0.12,0.0003,0.18937848865314572,1.836873417711883
16,0.12,0.0003,0.22663397785156134,1.836873417711883
17,0.12,0.0003,0.15863838968038405,1.836873417711883
18,0.12,0.0003,0.12931772380165238,1.836873417711883
19,0.12,0.0003,0.07284103883960574,1.836873417711883
20,0.12,0.0003,0.08579101259621967,1.836873417711883
21,0.12,0.0003,0.021519136201752203,1.836873417711883
22,0.12,0.0003,0.04164993061319877,1.836873417711883
23,0.12,0.0003,0.04633022951147347,1.836873417711883
24,0.12,0.0003,0.0,1.836873417711883
25,0.12,0.0003,0.04347521224663196,1.836873417711883
26,0.12,0.0003,0.054218230729063954,1.836873417711883
27,0.12,0.0003,0.04842111186422656,1.836873417711883
28,0.12,0.0003,0.10569335063394347,1.836873417711883
29,0.12,0.0003,0.14208581426687342,1.836873417711883
30,0.12,0.0003,0.1383702173526399,1.836873417711883
31,0.12,0.0003,0.14942699298386214,1.836873417711883
32,0.12,0.0003,0.15188780896657428,1.836873417711883
33,0.12,0.0003,0.15681131939437523,1.836873417711883
34,0.12,0.0003,0.14162667508419702,1.836873417711883
35,0.12,0.0003,0.1799903360539783,1.836873417711883
36,0.12,0.0003,0.218552872886606,1.836873417711883
37,0.12,0.0003,0.27842380779233455,1.836873417711883
38,0.12,0.0003,0.3142586701170119,1.836873417711883
39,0.12,0.0003,0.29815433405369096,1.836873417711883
40,0.12,0.0003,0.2215380339406448,1.836873417711883
41,0.12,0.0003,0.24070599779696839,1.836873417711883
42,0.12,0.0003,0.2684013336601207,1.836873417711883
43,0.12,0.0003,0.3194357789870101,1.836873417711883
44,0.12,0.0003,0.3582032767912414,1.836873417711883
45,0.12,0.0003,0.3995729148641088,1.836873417711883
46,0.12,0.0003,0.429230594036936,1.836873417711883
47,0.12,0.0003,0.4156077808610413,1.836873417711883
48,0.12,0.0003,0.46265842538010704,1.836873417711883
49,0.12,0.0003,0.501522817113699,1.836873417711883
50,0.12,0.0003,0.5260237868442846,1.836873417711883
51,0.12,0.0003,0.5891111480254906,1.836873417711883
52,0.12,0.0003,0.5708458979516748,1.836873417711883
53,0.12,0.0003,0.6166826635530858,1.836873417711883
54,0.12,0.0003,0.6213617578169163,1.836873417711883
55,0.12,0.0003,0.6622077250411218,1.836873417711883
56,0.12,0.0003,0.6675335107404714,1.836873417711883
57,0.12,0.0003,0.6252419541422723,1.836873417711883
58,0.12,0.0003,0.6135802371079486,1.836873417711883
59,0.12,0.0003,0.6781032537028726,1.836873417711883
60,0.12,0.0003,0.6454564405437431,1.836873417711883
61,0.12,0.0003,0.6295782916745434,1.836873417711883
62,0.12,0.0003,0.6461990100012459,1.836873417711883
63,0.12,0.0003,0.5850806968451158,1.836873417711883
64,0.12,0.0003,0.6652115654479394,1.836873417711883
65,0.12,0.0003,0.6745298108950607,1.836873417711883
66,0.12,0.0003,0.6550482072968581,1.836873417711883
67,0.12,0.0003,0.6173192695798219,1.836873417711883
68,0.12,0.0003,0.6153096696154408,1.836873417711883
69,0.12,0.0003,0.6098950621063985,1.836873417711883
70,0.12,0.0003,0.6423206985787139,1.836873417711883
71,0.12,0.0003,0.6768052101298758,1.836873417711883
72,0.12,0.0003,0.6942764996090615,1.836873417711883
73,0.12,0.0003,0.6432843711970141,1.836873417711883
74,0.12,0.0003,0.7035965938012765,1.836873417711883
75,0.12,0.0003,0.7419869035776777,1.836873417711883
76,0.12,0.0003,0.7698285613071615,1.836873417711883
77,0.12,0.0003,0.7698572040035537,1.836873417711883
78,0.12,0.0003,0.8004835970390722,1.836873417711883
79,0.12,0.0003,0.7904787931254209,1.836873417711883
80,0.12,0.0003,0.8192837894063162,1.836873417711883
81,0.12,0.0003,0.8194811832716147,1.836873417711883
82,0.12,0.0003,0.8590589033414885,1.836873417711883
83,0.12,0.0003,0.8316480918064527,1.836873417711883
84,0.12,0.0003,0.8119644555900422,1.836873417711883
85,0.12,0.0003,0.7971086941378037,1.836873417711883
86,0.12,0.0003,0.7816221555131254,1.836873417711883
87,0.12,0.0003,0.82005315443357,1.836873417711883
88,0.12,0.0003,0.7769252265590917,1.836873417711883
89,0.12,0.0003,0.6961728431444146,1.836873417711883
90,0.12,0.0003,0.6735264358735131,1.836873417711883
91,0.12,0.0003,0.7158345268609101,1.836873417711883
92,0.12,0.0003,0.7065909686593719,1.836873417711883
93,0.12,0.0003,0.7260528254122165,1.836873417711883
94,0.12,0.0003,0.7201830634700342,1.836873417711883
95,0.12,0.0003,0.7066571729361163,1.836873417711883
96,0.12,0.0003,0.7410919097483781,1.836873417711883
97,0.12,0.0003,0.7819295664418343,1.836873417711883
98,0.12,0.0003,0.715885725985096,1.836873417711883
99,0.12,0.0003,0.7466027210260796,1.836873417711883
100,0.12,0.0003,0.7880839006272851,1.836873417711883
101,0.12,0.0003,0.8022708277919453,1.836873417711883
102,0.12,0.0003,0.8710270325148066,1.836873417711883
103,0.12,0.0003,0.888065104728166,1.836873417711883
104,0.12,0.0003,0.9308068629795153,1.836873417711883
105,0.12,0.0003,0.9456827429237143,1.836873417711883
106,0.12,0.0003,0.9999999999995005,1.836873417711883
107,0.12,0.0003,0.9429895892346919,1.836873417711883
108,0.12,0.0003,0.9636613069749846,1.836873417711883
109,0.12,0.0003,0.9866119051640599,1.836873417711883
110,0.12,0.0003,0.9795009111455303,1.836873417711883
111,0.12,0.0003,0.9108234420426443,1.836873417711883
112,0.12,0.0003,0.8862280352226476,1.836873417711883
113,0.12,0.0003,0.9045080333241963,1.836873417711883
114,0.12,0.0003,0.9135405730782408,1.836873417711883
115,0.12,0.0003,0.8332457498423614,1.836873417711883
116,0.12,0.0003,0.842312440288569,1.836873417711883
117,0.12,0.0003,0.7751346263979162,1.836873417711883
118,0.12,0.0003,0.7194236320273041,1.836873417711883
119,0.12,0.0003,0.7053129909180268,1.836873417711883
120,0.12,0.0003,0.7355346431365214,1.836873417711883
121,0.12,0.0003,0.7520804598660485,1.836873417711883
122,0.12,0.0003,0.7187820534462548,1.836873417711883
123,0.12,0.0003,0.6834605423679398,1.836873417711883
124,0.12,0.0003,0.657838409196906,1.836873417711883
125,0.12,0.0003,0.7025027618289904,1.836873417711883
126,0.12,0.0003,0.754836108383555,1.836873417711883
127,0.12,0.0003,0.7353963185548702,1.836873417711883
128,0.12,0.0003,0.7098750348364703,1.836873417711883
129,0.12,0.0003,0.6972562314522701,1.836873417711883
130,0.12,0.0003,0.6911362967638502,1.836873417711883
131,0.12,0.0003,0.6814433828112894,1.836873417711883
132,0.12,0.0003,0.6936009386276936,1.836873417711883
133,0.12,0.0003,0.6714939996150167,1.836873417711883
134,0.12,0.0003,0.7054934917476537,1.836873417711883
135,0.12,0.0003,0.7802679018131814,1.836873417711883
136,0.12,0.0003,0.7578877782036394,1.836873417711883
137,0.12,0.0003,0.7684806613721376,1.836873417711883
138,0.12,0.0003,0.7634987508453218,1.836873417711883
139,0.12,0.0003,0.8236405645183351,1.836873417711883
140,0.12,0.0003,0.8522610542597746,1.836873417711883
141,0.12,0.0003,0.86361912094933,1.836873417711883
142,0.12,0.0003,0.9045693862549252,1.836873417711883
143,0.12,0.0003,0.864462300848519,1.836873417711883
144,0.12,0.0003,0.8889124551097608,1.836873417711883
145,0.12,0.0003,0.8978904631690534,1.836873417711883
146,0.12,0.0003,0.8155815552030582,1.836873417711883
147,0.12,0.0003,0.8418668362440945,1.836873417711883
148,0.12,0.0003,0.8851141780540278,1.836873417711883
149,0.12,0.0003,0.8228251434055425,1.836873417711883
150,0.12,0.0003,0.7980267941539212,1.836873417711883
151,0.12,0.0003,0.759256248376865,1.836873417711883
152,0.12,0.0003,0.8441944536279309,1.836873417711883
153,0.12,0.0003,0.788610566586022,1.836873417711883
154,0.12,0.0003,0.78980634563769,1.836873417711883
155,0.12,0.0003,0.821370374432911,1.836873417711883
156,0.12,0.0003,0.7816926396712602,1.836873417711883
157,0.12,0.0003,0.7475155605584399,1.836873417711883
158,0.12,0.0003,0.68953861856923,1.836873417711883
159,0.12,0.0003,0.6788097175835593,1.836873417711883
160,0.12,0.0003,0.6393445161940388,1.836873417711883
161,0.12,0.0003,0.6334699194508084,1.836873417711883
162,0.12,0.0003,0.5912068746090396,1.836873417711883
163,0.12,0.0003,0.6037995980784018,1.836873417711883
164,0.12,0.0003,0.6613496420687924,1.836873417711883
165,0.12,0.0003,0.6569700671958429,1.836873417711883
166,0.12,0.0003,0.7152541590128407,1.836873417711883
167,0.12,0.0003,0.7275170093452473,1.836873417711883
168,0.12,0.0003,0.7713682020955808,1.836873417711883
169,0.12,0.0003,0.7958089564157492,1.836873417711883
170,0.12,0.0003,0.8104045273607632,1.836873417711883
171,0.12,0.0003,0.8070986123425833,1.836873417711883
172,0.12,0.0003,0.7513360239056203,1.836873417711883
173,0.12,0.0003,0.7165563401599824,1.836873417711883
174,0.12,0.0003,0.774233813423781,1.836873417711883
175,0.12,0.0003,0.7612560964136832,1.836873417711883
176,0.12,0.0003,0.743856271063526,1.836873417711883
177,0.12,0.0003,0.7464988091923074,1.836873417711883
178,0.12,0.0003,0.7785582582792676,1.836873417711883
179,0.12,0.0003,0.7894432376436064,1.836873417711883
180,0.12,0.0003,0.7425009329223842,1.836873417711883
181,0.12,0.0003,0.7284414231932123,1.836873417711883
182,0.12,0.0003,0.6644746659143432,1.836873417711883
183,0.12,0.0003,0.6337663520764961,1.836873417711883
184,0.12,0.0003,0.6786165263131276,1.836873417711883
185,0.12,0.0003,0.6796317653441721,1.836873417711883
186,0.12,0.0003,0.707899178556992,1.836873417711883
187,0.12,0.0003,0.737604495735996,1.836873417711883
188,0.12,0.0003,0.7601125973039842,1.836873417711883
189,0.12,0.0003,0.818936050239461,1.836873417711883
190,0.12,0.0003,0.7987726066916647,1.836873417711883
191,0.12,0.0003,0.7674928898555268,1.836873417711883
192,0.12,0.0003,0.7317784559596938,1.836873417711883
193,0.12,0.0003,0.6740731566849293,1.836873417711883
194,0.12,0.0003,0.6635014038701876,1.836873417711883
195,0.12,0.0003,0.6753510697701347,1.836873417711883
196,0.12,0.0003,0.6884574815065312,1.836873417711883
197,0.12,0.0003,0.7398145832994854,1.836873417711883
198,0.12,0.0003,0.7934878042047979,1.836873417711883
199,0.12,0.0003,0.7679751093409443,1.836873417711883
0,0.12,0.0008,0.12301105429972088,3.109884790134956
1,0.12,0.0008,0.1072247777238768,3.109884790134956
2,0.12,0.0008,0.1253762906901187,3.109884790134956
3,0.12,0.0008,0.1844641050171993,3.109884790134956
4,0.12,0.0008,0.2504012190759635,3.109884790134956
5,0.12,0.0008,0.2245638533856538,3.109884790134956
6,0.12,0.0008,0.2221161854772232,3.109884790134956
7,0.12,0.0008,0.17985463090288592,3.109884790134956
8,0.12,0.0008,0.13815767459129186,3.109884790134956
9,0.12,0.0008,0.06880991365324983,3.109884790134956
10,0.12,0.0008,0.06865116877534488,3.109884790134956
11,0.12,0.0008,0.0786130472617402,3.109884790134956
12,0.12,0.0008,0.11943172717686021,3.109884790134956
13,0.12,0.0008,0.24799517546300048,3.109884790134956
14,0.12,0.0008,0.3501371870065427,3.109884790134956
15,0.12,0.0008,0.35468614564490486,3.109884790134956
16,0.12,0.0008,0.4221521729702343,3.109884790134956
17,0.12,0.0008,0.40807710316667156,3.109884790134956
18,0.12,0.0008,0.3712704443771167,3.109884790134956
19,0.12,0.0008,0.42938087138511943,3.109884790134956
20,0.12,0.0008,0.4908166250723266,3.109884790134956
21,0.12,0.0008,0.39415957179078115,3.109884790134956
22,0.12,0.0008,0.4208699606884634,3.109884790134956
23,0.12,0.0008,0.35659376580305246,3.109884790134956
24,0.12,0.0008,0.38869472609756484,3.109884790134956
25,0.12,0.0008,0.4021884593049166,3.109884790134956
26,0.12,0.0008,0.24347564440908995,3.109884790134956
27,0.12,0.0008,0.2725199937300398,3.109884790134956
28,0.12,0.0008,0.22328264659284977,3.109884790134956
29,0.12,0.0008,0.21373242298873274,3.109884790134956
30,0.12,0.0008,0.28881189062051826,3.109884790134956
31,0.12,0.0008,0.26321846559546275,3.109884790134956
32,0.12,0.0008,0.3440814149912855,3.109884790134956
33,0.12,0.0008,0.3684274463564209,3.109884790134956
34,0.12,0.0008,0.4430046960878103,3.109884790134956
35,0.12,0.0008,0.45387088954438876,3.109884790134956
36,0.12,0.0008,0.5275846690173679,3.109884790134956
37,0.12,0.0008,0.6243237181123292,3.109884790134956
38,0.12,0.0008,0.5716419471196217,3.109884790134956
39,0.12,0.0008,0.5514275431589208,3.109884790134956
40,0.12,0.0008,0.5735597090619161,3.109884790134956
41,0.12,0.0008,0.6251620112945168,3.109884790134956
42,0.12,0.0008,0.5465728068839153,3.109884790134956
43,0.12,0.0008,0.5491508155448032,3.109884790134956
44,0.12,0.0008,0.5371474014167003,3.109884790134956
45,0.12,0.0008,0.5566142971289156,3.109884790134956
46,0.12,0.0008,0.4957730375984426,3.109884790134956
47,0.12,0.0008,0.5552254536335927,3.109884790134956
48,0.12,0.0008,0.5330887635766831,3.109884790134956
49,0.12,0.0008,0.5580270388951062,3.109884790134956
50,0.12,0.0008,0.5374269235863162,3.109884790134956
51,0.12,0.0008,0.581988570763866,3.109884790134956
52,0.12,0.0008,0.49083852384883764,3.109884790134956
53,0.12,0.0008,0.5639839335077295,3.109884790134956
54,0.12,0.0008,0.461042682237307,3.109884790134956
55,0.12,0.0008,0.5722383237356033,3.109884790134956
56,0.12,0.0008,0.6068690926550979,3.109884790134956
57,0.12,0.0008,0.6000778862357335,3.109884790134956
58,0.12,0.0008,0.6557173464767727,3.109884790134956
59,0.12,0.0008,0.7253394280183414,3.109884790134956
60,0.12,0.0008,0.8033920013499823,3.109884790134956
61,0.12,0.0008,0.7473662559402542,3.109884790134956
62,0.12,0.0008,0.8463322855758626,3.109884790134956
63,0.12,0.0008,0.8272160513500303,3.109884790134956
64,0.12,0.0008,0.8220267340045198,3.109884790134956
65,0.12,0.0008,0.8574572635511454,3.109884790134956
66,0.12,0.0008,0.9143609153114115,3.109884790134956
67,0.12,0.0008,0.8097252744707001,3.109884790134956
68,0.12,0.0008,0.8590647298146727,3.109884790134956
69,0.12,0.0008,0.9999999999991195,3.109884790134956
70,0.12,0.0008,0.8610185179545832,3.109884790134956
71,0.12,0.0008,0.8298761303953476,3.109884790134956
72,0.12,0.0008,0.8398051192587951,3.109884790134956
73,0.12,0.0008,0.8523219618679093,3.109884790134956
74,0.12,0.0008,0.8274309108192701,3.109884790134956
75,0.12,0.0008,0.7203401891101582,3.109884790134956
76,0.12,0.0008,0.7735427151361057,3.109884790134956
77,0.12,0.0008,0.8061204247082785,3.109884790134956
78,0.12,0.0008,0.8174693769029713,3.109884790134956
79,0.12,0.0008,0.7779905962450635,3.109884790134956
80,0.12,0.0008,0.7679838535807216,3.109884790134956
81,0.12,0.0008,0.7007036448289182,3.109884790134956
82,0.12,0.0008,0.5742536613573387,3.109884790134956
83,0.12,0.0008,0.5959363101092959,3.109884790134956
84,0.12,0.0008,0.529096040260152,3.109884790134956
85,0.12,0.0008,0.631141641182653,3.109884790134956
86,0.12,0.0008,0.5761091188359627,3.109884790134956
87,0.12,0.0008,0.5333795719150755,3.109884790134956
88,0.12,0.0008,0.560059513267494,3.109884790134956
89,0.12,0.0008,0.5882133114552336,3.109884790134956
90,0.12,0.0008,0.6747592739952856,3.109884790134956
91,0.12,0.0008,0.6605623306442041,3.109884790134956
92,0.12,0.0008,0.7033767065853791,3.109884790134956
93,0.12,0.0008,0.7429977354451678,3.109884790134956
94,0.12,0.0008,0.671486984866646,3.109884790134956
95,0.12,0.0008,0.6763199608563334,3.109884790134956
96,0.12,0.0008,0.6861181165821824,3.109884790134956
97,0.12,0.0008,0.6819486395713993,3.109884790134956
98,0.12,0.0008,0.6623300023616756,3.109884790134956
99,0.12,0.0008,0.6235204842443163,3.109884790134956
100,0.12,0.0008,0.6344088708046466,3.109884790134956
101,0.12,0.0008,0.6069446824115082,3.109884790134956
102,0.12,0.0008,0.6461853554549178,3.109884790134956
103,0.12,0.0008,0.6967987012877651,3.109884790134956
104,0.12,0.0008,0.6710851251112594,3.109884790134956
105,0.12,0.0008,0.6634221886863515,3.109884790134956
106,0.12,0.0008,0.6703630342599418,3.109884790134956
107,0.12,0.0008,0.651704895639078,3.109884790134956
108,0.12,0.0008,0.6804467753856263,3.109884790134956
109,0.12,0.0008,0.6356755385481626,3.109884790134956
110,0.12,0.0008,0.5552783849537314,3.109884790134956
111,0.12,0.0008,0.5396258516989058,3.109884790134956
112,0.12,0.0008,0.4369241945562418,3.109884790134956
113,0.12,0.0008,0.41341131068282055,3.109884790134956
114,0.12,0.0008,0.5319116710589564,3.109884790134956
115,0.12,0.0008,0.5666690991062208,3.109884790134956
116,0.12,0.0008,0.5493711020172387,3.109884790134956
117,0.12,0.0008,0.5329035184117612,3.109884790134956
118,0.12,0.0008,0.4663152283767418,3.109884790134956
119,0.12,0.0008,0.40217632062915804,3.109884790134956
120,0.12,0.0008,0.41508582494505186,3.109884790134956
121,0.12,0.0008,0.5012113857225856,3.109884790134956
122,0.12,0.0008,0.496884896441013,3.109884790134956
123,0.12,0.0008,0.47416322947491,3.109884790134956
124,0.12,0.0008,0.4757022135429244,3.109884790134956
125,0.12,0.0008,0.35782534586153436,3.109884790134956
126,0.12,0.0008,0.3191652478379056,3.109884790134956
127,0.12,0.0008,0.32718214441570326,3.109884790134956
128,0.12,0.0008,0.3131465453246405,3.109884790134956
129,0.12,0.0008,0.27508565393881873,3.109884790134956
130,0.12,0.0008,0.3469026823587312,3.109884790134956
131,0.12,0.0008,0.2682216700147721,3.109884790134956
132,0.12,0.0008,0.2754001715776128,3.109884790134956
133,0.12,0.0008,0.2891305089514449,3.109884790134956
134,0.12,0.0008,0.12531771071440254,3.109884790134956
135,0.12,0.0008,0.03647970658188485,3.109884790134956
136,0.12,0.0008,0.06312657835403318,3.109884790134956
137,0.12,0.0008,0.000666206079525344,3.109884790134956
138,0.12,0.0008,0.03220941812859445,3.109884790134956
139,0.12,0.0008,0.1139073125286888,3.109884790134956
140,0.12,0.0008,0.16578850396254136,3.109884790134956
141,0.12,0.0008,0.0973801883706597,3.109884790134956
142,0.12,0.0008,0.0,3.109884790134956
143,0.12,0.0008,0.04651820114985166,3.109884790134956
144,0.12,0.0008,0.02780402678857426,3.109884790134956
145,0.12,0.0008,0.10938141066013218,3.109884790134956
146,0.12,0.0008,0.10295825685984857,3.109884790134956
147,0.12,0.0008,0.23063493327877146,3.109884790134956
148,0.12,0.0008,0.3385738891791032,3.109884790134956
149,0.12,0.0008,0.2597050716288778,3.109884790134956
150,0.12,0.0008,0.2173947085536725,3.109884790134956
151,0.12,0.0008,0.19416459165818006,3.109884790134956
152,0.12,0.0008,0.2575836327866527,3.109884790134956
153,0.12,0.0008,0.24346290020165678,3.109884790134956
154,0.12,0.0008,0.24049733083714647,3.109884790134956
155,0.12,0.0008,0.2818459461653309,3.109884790134956
156,0.12,0.0008,0.24741731856720373,3.109884790134956
157,0.12,0.0008,0.28947712248531,3.109884790134956
158,0.12,0.0008,0.2299817984283707,3.109884790134956
159,0.12,0.0008,0.28544635994515644,3.109884790134956
160,0.12,0.0008,0.3431339765396447,3.109884790134956
161,0.12,0.0008,0.4387351763615964,3.109884790134956
162,0.12,0.0008,0.46161343649631636,3.109884790134956
163,0.12,0.0008,0.4250225474171541,3.109884790134956
164,0.12,0.0008,0.43405950349524225,3.109884790134956
165,0.12,0.0008,0.40791025791734126,3.109884790134956
166,0.12,0.0008,0.4515780308298476,3.109884790134956
167,0.12,0.0008,0.37893683420684116,3.109884790134956
168,0.12,0.0008,0.42486974516130466,3.109884790134956
169,0.12,0.0008,0.43313928389422063,3.109884790134956
170,0.12,0.0008,0.4573232914756571,3.109884790134956
171,0.12,0.0008,0.48813612896937536,3.109884790134956
172,0.12,0.0008,0.5026744256412563,3.109884790134956
173,0.12,0.0008,0.4636127850560686,3.109884790134956
174,0.12,0.0008,0.46361459819617806,3.109884790134956
175,0.12,0.0008,0.46026161671119953,3.109884790134956
176,0.12,0.0008,0.44774990443827656,3.109884790134956
177,0.12,0.0008,0.4752704264381511,3.109884790134956
178,0.12,0.0008,0.41293135006423853,3.109884790134956
179,0.12,0.0008,0.4729002537943205,3.109884790134956
180,0.12,0.0008,0.4664756848117846,3.109884790134956
181,0.12,0.0008,0.38779972364444043,3.109884790134956
182,0.12,0.0008,0.3690398634877083,3.109884790134956
183,0.12,0.0008,0.33405899091475066,3.109884790134956
184,0.12,0.0008,0.3672016073592681,3.109884790134956
185,0.12,0.0008,0.4004068916958725,3.109884790134956
186,0.12,0.0008,0.4085782016615656,3.109884790134956
187,0.12,0.0008,0.3659502105839811,3.109884790134956
188,0.12,0.0008,0.3472668201971685,3.109884790134956
189,0.12,0.0008,0.37803682013000894,3.109884790134956
190,0.12,0.0008,0.45529617110693776,3.109884790134956
191,0.12,0.0008,0.49165480428110564,3.109884790134956
192,0.12,0.0008,0.5026425473081473,3.109884790134956
193,0.12,0.0008,0.5023248643034314,3.109884790134956
194,0.12,0.0008,0.4391385658946812,3.109884790134956
195,0.12,0.0008,0.36014126760522064,3.109884790134956
196,0.12,0.0008,0.4385782513324766,3.109884790134956
197,0.12,0.0008,0.3621772330652188,3.109884790134956
198,0.12,0.0008,0.30962561885034445,3.109884790134956
199,0.12,0.0008,0.2359994381230706,3.109884790134956
0,0.22,0.0003,0.6698189477189196,7.73692740706347
1,0.22,0.0003,0.6331134723402241,7.73692740706347
2,0.22,0.0003,0.5236823990278814,7.73692740706347
3,0.22,0.0003,0.6207134817384077,7.73692740706347
4,0.22,0.0003,0.6228604015276314,7.73692740706347
5,0.22,0.0003,0.6838547710267515,7.73692740706347
6,0.22,0.0003,0.6149057759391997,7.73692740706347
7,0.22,0.0003,0.6095560232260293,7.73692740706347
8,0.22,0.0003,0.6352730916428927,7.73692740706347
9,0.22,0.0003,0.6098390254932043,7.73692740706347
10,0.22,0.0003,0.7077373135810165,7.73692740706347
11,0.22,0.0003,0.7152190362692329,7.73692740706347
12,0.22,0.0003,0.6908157054144499,7.73692740706347
13,0.22,0.0003,0.7029045432389982,7.73692740706347
14,0.22,0.0003,0.6407657556983942,7.73692740706347
15,0.22,0.0003,0.5951059418526162,7.73692740706347
16,0.22,0.0003,0.7136935587965038,7.73692740706347
17,0.22,0.0003,0.7165065151342194,7.73692740706347
18,0.22,0.0003,0.6424939776770254,7.73692740706347
19,0.22,0.0003,0.5645422390658793,7.73692740706347
20,0.22,0.0003,0.6325417330253154,7.73692740706347
21,0.22,0.0003,0.5456631395279313,7.73692740706347
22,0.22,0.0003,0.5210648205253466,7.73692740706347
23,0.22,0.0003,0.5915648414338154,7.73692740706347
24,0.22,0.0003,0.6646940375490894,7.73692740706347
25,0.22,0.0003,0.7021472688833461,7.73692740706347
26,0.22,0.0003,0.732810434178214,7.73692740706347
27,0.22,0.0003,0.7278769859474131,7.73692740706347
28,0.22,0.0003,0.7520743831718121,7.73692740706347
29,0.22,0.0003,0.7395410254997103,7.73692740706347
30,0.22,0.0003,0.757719999637908,7.73692740706347
31,0.22,0.0003,0.782798712966979,7.73692740706347
32,0.22,0.0003,0.8704508938421157,7.73692740706347
33,0.22,0.0003,0.9640608028639263,7.73692740706347
34,0.22,0.0003,0.9267205843994356,7.73692740706347
35,0.22,0.0003,0.9182186663716301,7.73692740706347
36,0.22,0.0003,0.860562625563986,7.73692740706347
37,0.22,0.0003,0.7577932174094281,7.73692740706347
38,0.22,0.0003,0.8089805873806974,7.73692740706347
39,0.22,0.0003,0.8947663943664443,7.73692740706347
40,0.22,0.0003,0.9539653452988889,7.73692740706347
41,0.22,0.0003,0.9999999999984823,7.73692740706347
42,0.22,0.0003,0.9368641978596309,7.73692740706347
43,0.22,0.0003,0.9108418589233473,7.73692740706347
44,0.22,0.0003,0.9394457011371109,7.73692740706347
45,0.22,0.0003,0.9192052970394164,7.73692740706347
46,0.22,0.0003,0.9480653498567206,7.73692740706347
47,0.22,0.0003,0.9043048192002154,7.73692740706347
48,0.22,0.0003,0.7658563727367191,7.73692740706347
49,0.22,0.0003,0.8503375337615252,7.73692740706347
50,0.22,0.0003,0.8357966121964776,7.73692740706347
51,0.22,0.0003,0.9195981281096729,7.73692740706347
52,0.22,0.0003,0.9709384465221156,7.73692740706347
53,0.22,0.0003,0.9128403751041542,7.73692740706347
54,0.22,0.0003,0.849053133591771,7.73692740706347
55,0.22,0.0003,0.8120771180142683,7.73692740706347
56,0.22,0.0003,0.8052713511113345,7.73692740706347
57,0.22,0.0003,0.8285867312580949,7.73692740706347
58,0.22,0.0003,0.7971096750823565,7.73692740706347
59,0.22,0.0003,0.8348383062391422,7.73692740706347
60,0.22,0.0003,0.7504250006124524,7.73692740706347
61,0.22,0.0003,0.7669365243054473,7.73692740706347
62,0.22,0.0003,0.7729660906260754,7.73692740706347
63,0.22,0.0003,0.8425492677836277,7.73692740706347
64,0.22,0.0003,0.8517439626616191,7.73692740706347
65,0.22,0.0003,0.9043668250856169,7.73692740706347
66,0.22,0.0003,0.9630329216278425,7.73692740706347
67,0.22,0.0003,0.9023540214332667,7.73692740706347
68,0.22,0.0003,0.9569914252747173,7.73692740706347
69,0.22,0.0003,0.9777629551912804,7.73692740706347
70,0.22,0.0003,0.9332932748394832,7.73692740706347
71,0.22,0.0003,0.7979558658338038,7.73692740706347
72,0.22,0.0003,0.8165384950448268,7.73692740706347
73,0.22,0.0003,0.8231530320602473,7.73692740706347
74,0.22,0.0003,0.8058661839803204,7.73692740706347
75,0.22,0.0003,0.7957242279621969,7.73692740706347
76,0.22,0.0003,0.7661264397446619,7.73692740706347
77,0.22,0.0003,0.7987080457277257,7.73692740706347
78,0.22,0.0003,0.7921690375501343,7.73692740706347
79,0.22,0.0003,0.7225284217736693,7.73692740706347
80,0.22,0.0003,0.7597420925666045,7.73692740706347
81,0.22,0.0003,0.667479412465204,7.73692740706347
82,0.22,0.0003,0.6080433729546562,7.73692740706347
83,0.22,0.0003,0.5971710409871003,7.73692740706347
84,0.22,0.0003,0.6964412199221597,7.73692740706347
85,0.22,0.0003,0.6917838408120783,7.73692740706347
86,0.22,0.0003,0.6061647456627274,7.73692740706347
87,0.22,0.0003,0.5489387699896898,7.73692740706347
88,0.22,0.0003,0.6166021606990049,7.73692740706347
89,0.22,0.0003,0.6595628225426038,7.73692740706347
90,0.22,0.0003,0.5973156614516001,7.73692740706347
91,0.22,0.0003,0.5876178351108235,7.73692740706347
92,0.22,0.0003,0.5955155096151595,7.73692740706347
93,0.22,0.0003,0.7682970265620656,7.73692740706347
94,0.22,0.0003,0.6706503541813964,7.73692740706347
95,0.22,0.0003,0.639152862768313,7.73692740706347
96,0.22,0.0003,0.6764383795873917,7.73692740706347
97,0.22,0.0003,0.6742396539476699,7.73692740706347
98,0.22,0.0003,0.6676393733982213,7.73692740706347
99,0.22,0.0003,0.6096704879175833,7.73692740706347
100,0.22,0.0003,0.5761686606805592,7.73692740706347
101,0.22,0.0003,0.5477252840562538,7.73692740706347
102,0.22,0.0003,0.507777781766837,7.73692740706347
103,0.22,0.0003,0.47057868382954665,7.73692740706347
104,0.22,0.0003,0.44626101900301507,7.73692740706347
105,0.22,0.0003,0.4278850204077607,7.73692740706347
106,0.22,0.0003,0.4282722502496983,7.73692740706347
107,0.22,0.0003,0.33444748383800693,7.73692740706347
108,0.22,0.0003,0.2773116351198646,7.73692740706347
109,0.22,0.0003,0.27250288295644254,7.73692740706347
110,0.22,0.0003,0.30751314705752036,7.73692740706347
111,0.22,0.0003,0.3118851173785982,7.73692740706347
112,0.22,0.0003,0.3338540774092633,7.73692740706347
113,0.22,0.0003,0.24263278924413637,7.73692740706347
114,0.22,0.0003,0.16684774372923664,7.73692740706347
115,0.22,0.0003,0.07892878624324721,7.73692740706347
116,0.22,0.0003,0.12353701402042017,7.73692740706347
117,0.22,0.0003,0.023043299209245156,7.73692740706347
118,0.22,0.0003,0.025900538475528985,7.73692740706347
119,0.22,0.0003,0.0009531845875353424,7.73692740706347
120,0.22,0.0003,0.06895576145180987,7.73692740706347
121,0.22,0.0003,0.08052109709896324,7.73692740706347
122,0.22,0.0003,0.0,7.73692740706347
123,0.22,0.0003,0.05484935610734418,7.73692740706347
124,0.22,0.0003,0.13706125703666805,7.73692740706347
125,0.22,0.0003,0.08012394334170606,7.73692740706347
126,0.22,0.0003,0.13237352726182997,7.73692740706347
127,0.22,0.0003,0.20989786025251947,7.73692740706347
128,0.22,0.0003,0.19837073353175935,7.73692740706347
129,0.22,0.0003,0.21158439511290383,7.73692740706347
130,0.22,0.0003,0.21307388574633299,7.73692740706347
131,0.22,0.0003,0.13780884311532812,7.73692740706347
132,0.22,0.0003,0.10558637664021084,7.73692740706347
133,0.22,0.0003,0.1783889284540603,7.73692740706347
134,0.22,0.0003,0.1367181333560514,7.73692740706347
135,0.22,0.0003,0.11783039834524829,7.73692740706347
136,0.22,0.0003,0.1495857019694953,7.73692740706347
137,0.22,0.0003,0.12118192600238868,7.73692740706347
138,0.22,0.0003,0.18481670543244932,7.73692740706347
139,0.22,0.0003,0.22191546215125513,7.73692740706347
140,0.22,0.0003,0.3077492581116329,7.73692740706347
141,0.22,0.0003,0.3937130478510028,7.73692740706347
142,0.22,0.0003,0.3822091506744006,7.73692740706347
143,0.22,0.0003,0.342181983565971,7.73692740706347
144,0.22,0.0003,0.4714548214587016,7.73692740706347
145,0.22,0.0003,0.44744332469196796,7.73692740706347
146,0.22,0.0003,0.4062771645389005,7.73692740706347
147,0.22,0.0003,0.42153076619185326,7.73692740706347
148,0.22,0.0003,0.3880585961303793,7.73692740706347
149,0.22,0.0003,0.42163734557626825,7.73692740706347
150,0.22,0.0003,0.47442165669151015,7.73692740706347
151,0.22,0.0003,0.49305154380403576,7.73692740706347
152,0.22,0.0003,0.5273810435474291,7.73692740706347
153,0.22,0.0003,0.5600950826594262,7.73692740706347
154,0.22,0.0003,0.5770768141533127,7.73692740706347
155,0.22,0.0003,0.5085034193211452,7.73692740706347
156,0.22,0.0003,0.4593166280371621,7.73692740706347
157,0.22,0.0003,0.47415357433222216,7.73692740706347
158,0.22,0.0003,0.41340325553595225,7.73692740706347
159,0.22,0.0003,0.39062710207023144,7.73692740706347
160,0.22,0.0003,0.3133660221747594,7.73692740706347
161,0.22,0.0003,0.36718945991114676,7.73692740706347
162,0.22,0.0003,0.37218506787865274,7.73692740706347
163,0.22,0.0003,0.3453959713730227,7.73692740706347
164,0.22,0.0003,0.2594445920636181,7.73692740706347
165,0.22,0.0003,0.29730847008130923,7.73692740706347
166,0.22,0.0003,0.30058401984244476,7.73692740706347
167,0.22,0.0003,0.30510557691291973,7.73692740706347
168,0.22,0.0003,0.3175700399760532,7.73692740706347
169,0.22,0.0003,0.2982659814885885,7.73692740706347
170,0.22,0.0003,0.27895712528656447,7.73692740706347
171,0.22,0.0003,0.2208180050418301,7.73692740706347
172,0.22,0.0003,0.11533094403967542,7.73692740706347
173,0.22,0.0003,0.07811199159275208,7.73692740706347
174,0.22,0.0003,0.0953098919308085,7.73692740706347
175,0.22,0.0003,0.1887738991910379,7.73692740706347
176,0.22,0.0003,0.18478306499665217,7.73692740706347
177,0.22,0.0003,0.1890541893287744,7.73692740706347
178,0.22,0.0003,0.22448062274660158,7.73692740706347
179,0.22,0.0003,0.308084896495436,7.73692740706347
180,0.22,0.0003,0.3846133051141561,7.73692740706347
181,0.22,0.0003,0.37239897333572053,7.73692740706347
182,0.22,0.0003,0.45388668311181357,7.73692740706347
183,0.22,0.0003,0.45599105432704523,7.73692740706347
184,0.22,0.0003,0.4040004833665905,7.73692740706347
185,0.22,0.0003,0.4279876472798527,7.73692740706347
186,0.22,0.0003,0.4788304245480043,7.73692740706347
187,0.22,0.0003,0.4524449126640526,7.73692740706347
188,0.22,0.0003,0.3972101644539428,7.73692740706347
189,0.22,0.0003,0.2719949083635214,7.73692740706347
190,0.22,0.0003,0.27254451915106664,7.73692740706347
191,0.22,0.0003,0.3037255576346773,7.73692740706347
192,0.22,0.0003,0.3327719891269273,7.73692740706347
193,0.22,0.0003,0.3377389289417282,7.73692740706347
194,0.22,0.0003,0.3849821828952423,7.73692740706347
195,0.22,0.0003,0.4134323441866132,7.73692740706347
196,0.22,0.0003,0.37142508352075676,7.73692740706347
197,0.22,0.0003,0.4253721666103046,7.73692740706347
198,0.22,0.0003,0.41926698117583777,7.73692740706347
199,0.22,0.0003,0.43246502263781583,7.73692740706347
0,0.22,0.0008,0.0,4.445857942659362
1,0.22,0.0008,0.0788515776973288,4.445857942659362
2,0.22,0.0008,0.13965433072191027,4.445857942659362
3,0.22,0.0008,0.10372298986367418,4.445857942659362
4,0.22,0.0008,0.10952160480947831,4.445857942659362
5,0.22,0.0008,0.09740255213868544,4.445857942659362
6,0.22,0.0008,0.09628475741978673,4.445857942659362
7,0.22,0.0008,0.14319459092655284,4.445857942659362
8,0.22,0.0008,0.16767891122552245,4.445857942659362
9,0.22,0.0008,0.1640046053549387,4.445857942659362
10,0.22,0.0008,0.20276702749964454,4.445857942659362
11,0.22,0.0008,0.2247578821867552,4.445857942659362
12,0.22,0.0008,0.19207702831944024,4.445857942659362
13,0.22,0.0008,0.16897099475998048,4.445857942659362
14,0.22,0.0008,0.14616452127335108,4.445857942659362
15,0.22,0.0008,0.1714273424073831,4.445857942659362
16,0.22,0.0008,0.22612417006678537,4.445857942659362
17,0.22,0.0008,0.2932365051622258,4.445857942659362
18,0.22,0.0008,0.31226934002603113,4.445857942659362
19,0.22,0.0008,0.265326339894946,4.445857942659362
20,0.22,0.0008,0.3286763535320257,4.445857942659362
21,0.22,0.0008,0.335797423823514,4.445857942659362
22,0.22,0.0008,0.3872136970410631,4.445857942659362
23,0.22,0.0008,0.37108484853892304,4.445857942659362
24,0.22,0.0008,0.3814189631692656,4.445857942659362
25,0.22,0.0008,0.3656634992787898,4.445857942659362
26,0.22,0.0008,0.3891156349266318,4.445857942659362
27,0.22,0.0008,0.32626152945608483,4.445857942659362
28,0.22,0.0008,0.2931793179334463,4.445857942659362
29,0.22,0.0008,0.24695164252067378,4.445857942659362
30,0.22,0.0008,0.20693122714928977,4.445857942659362
31,0.22,0.0008,0.21409298040981894,4.445857942659362
32,0.22,0.0008,0.16247266595582674,4.445857942659362
33,0.22,0.0008,0.2053062139806668,4.445857942659362
34,0.22,0.0008,0.23497236445446118,4.445857942659362
35,0.22,0.0008,0.20367104155803334,4.445857942659362
36,0.22,0.0008,0.1937980776263977,4.445857942659362
37,0.22,0.0008,0.20790754791012425,4.445857942659362
38,0.22,0.0008,0.21193196435125505,4.445857942659362
39,0.22,0.0008,0.2803854482286198,4.445857942659362
40,0.22,0.0008,0.2486712715449103,4.445857942659362
41,0.22,0.0008,0.2806969760499482,4.445857942659362
42,0.22,0.0008,0.2767085043576652,4.445857942659362
43,0.22,0.0008,0.2845701469995497,4.445857942659362
44,0.22,0.0008,0.2573190483351577,4.445857942659362
45,0.22,0.0008,0.20431851023527442,4.445857942659362
46,0.22,0.0008,0.1928574215256476,4.445857942659362
47,0.22,0.0008,0.23018764067655687,4.445857942659362
48,0.22,0.0008,0.21573872178342696,4.445857942659362
49,0.22,0.0008,0.2894390196682452,4.445857942659362
50,0.22,0.0008,0.3303162758416396,4.445857942659362
51,0.22,0.0008,0.4036255712919191,4.445857942659362
52,0.22,0.0008,0.37265103402004995,4.445857942659362
53,0.22,0.0008,0.37115923449679916,4.445857942659362
54,0.22,0.0008,0.353514559314023,4.445857942659362
55,0.22,0.0008,0.3909425703574502,4.445857942659362
56,0.22,0.0008,0.3575904734625176,4.445857942659362
57,0.22,0.0008,0.48242490437166075,4.445857942659362
58,0.22,0.0008,0.45964292486142355,4.445857942659362
59,0.22,0.0008,0.406143044896487,4.445857942659362
60,0.22,0.0008,0.4089507972479171,4.445857942659362
61,0.22,0.0008,0.45050494712848776,4.445857942659362
62,0.22,0.0008,0.4520790493745717,4.445857942659362
63,0.22,0.0008,0.3932695387301075,4.445857942659362
64,0.22,0.0008,0.43069096656785943,4.445857942659362
65,0.22,0.0008,0.4224903731136566,4.445857942659362
66,0.22,0.0008,0.5055642927167453,4.445857942659362
67,0.22,0.0008,0.5392666571293562,4.445857942659362
68,0.22,0.0008,0.5746095300984653,4.445857942659362
69,0.22,0.0008,0.5389024391786348,4.445857942659362
70,0.22,0.0008,0.6326577418928779,4.445857942659362
71,0.22,0.0008,0.7098470173954274,4.445857942659362
72,0.22,0.0008,0.7798595627641878,4.445857942659362
73,0.22,0.0008,0.7379397234946073,4.445857942659362
74,0.22,0.0008,0.7027518970550655,4.445857942659362
75,0.22,0.0008,0.6769771221931621,4.445857942659362
76,0.22,0.0008,0.7589430964990772,4.445857942659362
77,0.22,0.0008,0.7246527567163035,4.445857942659362
78,0.22,0.0008,0.7270507060314282,4.445857942659362
79,0.22,0.0008,0.7397037040308031,4.445857942659362
80,0.22,0.0008,0.7562110084369293,4.445857942659362
81,0.22,0.0008,0.727550036346697,4.445857942659362
82,0.22,0.0008,0.7351117092729242,4.445857942659362
83,0.22,0.0008,0.7634665473199324,4.445857942659362
84,0.22,0.0008,0.8040526955677556,4.445857942659362
85,0.22,0.0008,0.8005676533162928,4.445857942659362
86,0.22,0.0008,0.7631746469058682,4.445857942659362
87,0.22,0.0008,0.6499222680122357,4.445857942659362
88,0.22,0.0008,0.6792447280320825,4.445857942659362
89,0.22,0.0008,0.7772115372032875,4.445857942659362
90,0.22,0.0008,0.766510273355687,4.445857942659362
91,0.22,0.0008,0.8388190216652003,4.445857942659362
92,0.22,0.0008,0.8861628127256482,4.445857942659362
93,0.22,0.0008,0.8105654702926549,4.445857942659362
94,0.22,0.0008,0.8505802818804834,4.445857942659362
95,0.22,0.0008,0.8464873155422649,4.445857942659362
96,0.22,0.0008,0.9203686473304846,4.445857942659362
97,0.22,0.0008,0.9262298110688831,4.445857942659362
98,0.22,0.0008,0.8996938395301846,4.445857942659362
99,0.22,0.0008,0.9193247048599911,4.445857942659362
100,0.22,0.0008,0.899553464142795,4.445857942659362
101,0.22,0.0008,0.8994591257118338,4.445857942659362
102,0.22,0.0008,0.8825197572186148,4.445857942659362
103,0.22,0.0008,0.8664132214842308,4.445857942659362
104,0.22,0.0008,0.8331496718755449,4.445857942659362
105,0.22,0.0008,0.8132777297144418,4.445857942659362
106,0.22,0.0008,0.7810271498652801,4.445857942659362
107,0.22,0.0008,0.7004873445294094,4.445857942659362
108,0.22,0.0008,0.7260769002686783,4.445857942659362
109,0.22,0.0008,0.7901064983736727,4.445857942659362
110,0.22,0.0008,0.83524801002573,4.445857942659362
111,0.22,0.0008,0.8241695012838175,4.445857942659362
112,0.22,0.0008,0.8345992064225931,4.445857942659362
113,0.22,0.0008,0.8202264674584376,4.445857942659362
114,0.22,0.0008,0.7854055813890111,4.445857942659362
115,0.22,0.0008,0.7475011077442935,4.445857942659362
116,0.22,0.0008,0.7245409066053792,4.445857942659362
117,0.22,0.0008,0.6927546020423504,4.445857942659362
118,0.22,0.0008,0.6606796200343572,4.445857942659362
119,0.22,0.0008,0.6878888520750651,4.445857942659362
120,0.22,0.0008,0.6462472576941728,4.445857942659362
121,0.22,0.0008,0.6745777828357432,4.445857942659362
122,0.22,0.0008,0.6990120430688168,4.445857942659362
123,0.22,0.0008,0.6796793316081251,4.445857942659362
124,0.22,0.0008,0.5707803214482654,4.445857942659362
125,0.22,0.0008,0.5678944471986871,4.445857942659362
126,0.22,0.0008,0.6119990283160558,4.445857942659362
127,0.22,0.0008,0.6190647981616432,4.445857942659362
128,0.22,0.0008,0.6152922320861827,4.445857942659362
129,0.22,0.0008,0.6286932823966167,4.445857942659362
130,0.22,0.0008,0.6360702702845105,4.445857942659362
131,0.22,0.0008,0.6196446865947469,4.445857942659362
132,0.22,0.0008,0.6467716328396111,4.445857942659362
133,0.22,0.0008,0.678888524934023,4.445857942659362
134,0.22,0.0008,0.6220537291904313,4.445857942659362
135,0.22,0.0008,0.7169899703147836,4.445857942659362
136,0.22,0.0008,0.7184963744333144,4.445857942659362
137,0.22,0.0008,0.7272602243786049,4.445857942659362
138,0.22,0.0008,0.7911580330026249,4.445857942659362
139,0.22,0.0008,0.7609610530760984,4.445857942659362
140,0.22,0.0008,0.7712729191973751,4.445857942659362
141,0.22,0.0008,0.7454445617201902,4.445857942659362
142,0.22,0.0008,0.8159509280936212,4.445857942659362
143,0.22,0.0008,0.8332715345069102,4.445857942659362
144,0.22,0.0008,0.7609842907245817,4.445857942659362
145,0.22,0.0008,0.7590248720389617,4.445857942659362
146,0.22,0.0008,0.9128245452710302,4.445857942659362
147,0.22,0.0008,0.8654719081943786,4.445857942659362
148,0.22,0.0008,0.8573045896642358,4.445857942659362
149,0.22,0.0008,0.8956131693355436,4.445857942659362
150,0.22,0.0008,0.9243186065394907,4.445857942659362
151,0.22,0.0008,0.8703332578506195,4.445857942659362
152,0.22,0.0008,0.8647660319573972,4.445857942659362
153,0.22,0.0008,0.8441923512854589,4.445857942659362
154,0.22,0.0008,0.88962674299295,4.445857942659362
155,0.22,0.0008,0.8394415347060762,4.445857942659362
156,0.22,0.0008,0.9140031877349012,4.445857942659362
157,0.22,0.0008,0.8902340110430599,4.445857942659362
158,0.22,0.0008,0.8803619051929552,4.445857942659362
159,0.22,0.0008,0.8765376897453607,4.445857942659362
160,0.22,0.0008,0.82027679419989,4.445857942659362
161,0.22,0.0008,0.8141455588363572,4.445857942659362
162,0.22,0.0008,0.7441602938155946,4.445857942659362
163,0.22,0.0008,0.7108079085116669,4.445857942659362
164,0.22,0.0008,0.6626338432331254,4.445857942659362
165,0.22,0.0008,0.7483128110373239,4.445857942659362
166,0.22,0.0008,0.7490811170378634,4.445857942659362
167,0.22,0.0008,0.7873133218706447,4.445857942659362
168,0.22,0.0008,0.7783458896966271,4.445857942659362
169,0.22,0.0008,0.7255135951407135,4.445857942659362
170,0.22,0.0008,0.7137878695297987,4.445857942659362
171,0.22,0.0008,0.7584560194857606,4.445857942659362
172,0.22,0.0008,0.7812246776545234,4.445857942659362
173,0.22,0.0008,0.8180263202821351,4.445857942659362
174,0.22,0.0008,0.8295670922281753,4.445857942659362
175,0.22,0.0008,0.8389747387833518,4.445857942659362
176,0.22,0.0008,0.8317186640229927,4.445857942659362
177,0.22,0.0008,0.8211626379644357,4.445857942659362
178,0.22,0.0008,0.8310778193398813,4.445857942659362
179,0.22,0.0008,0.8378415079956413,4.445857942659362
180,0.22,0.0008,0.8270950250572999,4.445857942659362
181,0.22,0.0008,0.8590211190070407,4.445857942659362
182,0.22,0.0008,0.8008343140755593,4.445857942659362
183,0.22,0.0008,0.8545284574713319,4.445857942659362
184,0.22,0.0008,0.9126548281115201,4.445857942659362
185,0.22,0.0008,0.9152092144989206,4.445857942659362
186,0.22,0.0008,0.9886357247682878,4.445857942659362
187,0.22,0.0008,0.9819469121457516,4.445857942659362
188,0.22,0.0008,0.9999999999990452,4.445857942659362
189,0.22,0.0008,0.9101175994466079,4.445857942659362
190,0.22,0.0008,0.8701994261496137,4.445857942659362
191,0.22,0.0008,0.9122938469147958,4.445857942659362
192,0.22,0.0008,0.9205154033288305,4.445857942659362
193,0.22,0.0008,0.968668247786302,4.445857942659362
194,0.22,0.0008,0.9698295503223843,4.445857942659362
195,0.22,0.0008,0.9847250852435011,4.445857942659362
196,0.22,0.0008,0.9285266481816455,4.445857942659362
197,0.22,0.0008,0.8652488531382347,4.445857942659362
198,0.22,0.0008,0.8199133591689806,4.445857942659362
199,0.22,0.0008,0.7871479801250941,4.445857942659362
